betavis,0.0
fakevar%sum
314.500075,313.500075,-1.0,0
629.00015,627.00015,-2.0,1
fakevar%product
5.671875,0.0,-5.671875,0
32.170166,0.0,-32.170166,1
betavis,0.1
fakevar%sum
314.500075,313.600075,-0.8999999999999773,0
629.00015,627.20015,-1.7999999999999545,1
fakevar%product
5.671875,0.567187,-5.104688,0
32.170166,0.321702,-31.848464000000003,1
betavis,0.2
fakevar%sum
314.500075,313.700075,-0.7999999999999545,0
629.00015,627.40015,-1.599999999999909,1
fakevar%product
5.671875,1.134375,-4.5375,0
32.170166,1.286807,-30.883359000000002,1
betavis,0.3
fakevar%sum
314.500075,313.800075,-0.6999999999999886,0
629.00015,627.60015,-1.3999999999999773,1
fakevar%product
5.671875,1.701562,-3.970313,0
32.170166,2.895315,-29.274851,1
betavis,0.4
fakevar%sum
314.500075,313.900075,-0.5999999999999659,0
629.00015,627.80015,-1.1999999999999318,1
fakevar%product
5.671875,2.26875,-3.403125,0
32.170166,5.147227,-27.022939,1
betavis,0.5
fakevar%sum
314.500075,314.000075,-0.5,0
629.00015,628.00015,-1.0,1
fakevar%product
5.671875,2.835937,-2.835938,0
32.170166,8.042542,-24.127624000000004,1
betavis,0.6
fakevar%sum
314.500075,314.100075,-0.39999999999997726,0
629.00015,628.20015,-0.7999999999999545,1
fakevar%product
5.671875,3.403125,-2.26875,0
32.170166,11.58126,-20.588906,1
betavis,0.7
fakevar%sum
314.500075,314.200075,-0.2999999999999545,0
629.00015,628.40015,-0.599999999999909,1
fakevar%product
5.671875,3.970312,-1.7015630000000002,0
32.170166,15.763381,-16.406785,1
betavis,0.8
fakevar%sum
314.500075,314.300075,-0.19999999999998863,0
629.00015,628.60015,-0.39999999999997726,1
fakevar%product
5.671875,4.5375,-1.1343750000000004,0
32.170166,20.588906,-11.58126,1
betavis,0.9
fakevar%sum
314.500075,314.400075,-0.0999999999999659,0
629.00015,628.80015,-0.1999999999999318,1
fakevar%product
5.671875,5.104687,-0.5671879999999998,0
32.170166,26.057834,-6.112332000000002,1
betavis,1.0
